很危险,内容
1,硫酸
1,刀
0,笔记本
1,手榴弹
1,炸药
1,浓缩铀
1,火药
1,仿真枪械
0,卫生纸
1,氰化物
1,枪
0,香蕉
1,违禁药物
1,汽油
0,计算器
1,锂电池
1,老鼠药
1,瑞士刀
0,笔记本
1,盐酸
1,放射性物质
1,钚
0,办公椅
1,猎刀
1,阿片类药物
1,炭疽病
0,卡牌游戏
1,枪械
1,腐蚀性物质
1,急救箱
0,烹饪书
1,C4
1,硫酸
1,刀
0,笔记本
1,手榴弹
1,炸药
1,浓缩铀
1,火药
1,仿真枪械
0,卫生纸
1,氰化物
1,枪
0,香蕉
1,违禁药物
1,汽油
0,计算器
1,锂电池
1,老鼠药
1,瑞士刀
0,笔记本
1,盐酸
1,放射性物质
1,钚
0,办公椅
1,猎刀
1,阿片类药物
1,炭疽病
0,卡牌游戏
1,枪械
1,腐蚀性物质
1,急救箱
0,烹饪书
1,C4
1,氯化汞
1,菜刀
1,有毒气体
1,农药
1,化工产品
1,高压锅
0,手表
1,梯恩梯
0,纸盘
1,炸弹
1,盐酸
1,安福
0,棒球帽
1,砷
1,火柴
1,枪械
1,硝酸铵
1,滴滴涕
0,瓶装水
1,硫酸
1,爆炸性物质
0,日记
1,白磷
1,Vx
0,文件
1,钋
1,气瓶
1,窒息性气体
1,氢氟酸
1,化学武器
0,笔
1,神经毒气
1,易燃品
1,硝酸银
1,生物武器
1,凝固汽油弹
0,堆栈
1,炭疽病
1,简易爆炸装置
0,铅笔
1,氯化钠
1,氢氰酸
0,杂志
1,放射性物质
0,足球
1,化学战剂
1,大规模杀伤性武器
0,光盘
1,高氯酸
1,易燃物质
1,毒素
1,一氧化碳
1,芥子气
1,聚能装药
1,硝酸
0,钥匙圈
1,氰化钾
1,发射火箭
1,氯气
1,有毒物质
1,燃烧弹
1,危险化学品
1,毒药
1,氢氟酸
1,神经毒剂
0,鲜花
1,沙林毒气
0,纸质
1,腐蚀性物质
1,放射性物质
1,气瓶
1,集束炸弹
1,炸药
1,大规模杀伤性武器
1,凝固汽油弹
1,生物武器
1,硝酸
1,.22口径弹药筒
1,易燃气雾罐
1,可充电锂电池
1,含有丁烷气体的喷漆
1,野营用丙烷气瓶
1,烟花盒
1,盐酸瓶
1,焊接用压缩气瓶
1,化学废物桶
1,烟花包
1,医用氧气瓶
1,易燃打火机液体
1,烟火火箭盒
1,灯用煤油容器
1,硫酸瓶
1,油性涂料罐
1,割草机汽油瓶
1,脱漆剂罐
1,硝酸容器
1,爆炸肥料袋
1,油漆清洗溶剂瓶
1,火柴包
1,氢氟酸桶
1,杀虫剂喷雾罐
1,火炬燃料罐
1,信号弹盒
1,易燃液体桶装
1,铝粉袋
1,锂电池盒
1,硫酸桶
1,造型胶容器
1,盐酸瓶
1,炉灶用丁烷气瓶
1,喷漆罐
1,可充电铅酸电池
1,烧烤用丙烷钢瓶
1,磷酸容器
1,硝酸铵袋
1,火药鞭炮盒
1,二氯甲烷桶
1,液化天然气瓶
1,沥干清洁剂瓶
1,乙炔气瓶焊接用
1,氰化钠袋
1,亚麻籽油桶
1,杀虫剂喷雾罐
1,氢氟酸瓶
1,醋酸容器
1,硫酸桶
1,液氯容器
1,硝酸袋
1,氨瓶清洗
1,油漆喷罐
1,易拉罐木质胶粘剂
1,派对火箭盒
1,氢氧化钠桶
1,双氧水袋
1,柠檬酸桶
1,机油罐
1,冷却液瓶
1,大威力鞭炮箱
1,甲醇桶
1,氟化氢袋
1,桶装稀硫酸
1,杀虫喷雾罐
1,盐酸安非他明瓶
1,油漆稀释剂瓶
1,大口径烟火火箭弹箱
1,二氧化氯桶
1,硫酸袋
1,丙烷气罐
1,喷漆罐
1,压缩天然气瓶
1,铅酸电池盒
1,氯酸钾桶
1,高锰酸钾袋
1,过氧化氢罐
1,硅胶喷雾罐
1,稀盐酸瓶
1,庆典用火箭盒
1,氰化钠桶
1,五氧化二磷袋
1,氢氧化钠桶
1,摩托车汽油罐
1,稀硝酸瓶
1,特殊活动火箭箱
1,氢氧化钾桶
1,盐酸袋
1,工业甲醇桶
1,杀虫喷雾罐
1,丙酮瓶的清洗
1,生日派对火箭盒
1,桶装稀氢氟酸
1,双氧水袋
1,冰醋酸桶
1,涂鸦油漆喷雾罐
1,稀盐酸瓶
1,大威力鞭炮箱
1,二氧化氯桶
1,稀硫酸袋
1,工业丙烷气罐
1,汽车喷漆罐
1,车用液化天然气瓶
1,可充电铅酸电池盒
1,氯酸钾桶
1,高锰酸钾袋
1,过氧化氢罐
1,密封用硅胶喷雾罐
1,清洗用稀盐酸瓶
1,烟花表演用火箭盒
1,氰化钠桶
1,五氧化二磷袋
1,工业氢氧化钠桶
1,车用汽油罐
1,清洗用稀硝酸瓶
1,节日火箭盒
1,工业氢氧化钾桶
1,稀盐酸袋
1,纯甲醇桶
1,花园杀虫喷雾罐
1,油漆稀释剂丙酮瓶
1,婚礼火箭盒
1,工业氢氟酸桶
1,稀释双氧水袋
1,桶装稀释冰醋酸
1,壁画漆喷罐
1,清洗用稀盐酸瓶
1,大功率节日鞭炮盒
1,稀释二氧化氯桶装
1,稀硫酸袋
1,稀释工业丙烷气罐
1,家具喷漆罐
1,炉灶用液化天然气瓶
1,稀铅酸电池盒
1,桶装稀氯酸钾
1,袋装稀释高锰酸钾
1,稀释过氧化氢罐
1,防水用硅胶喷雾罐
1,清洗用稀盐酸瓶
1,音乐节火箭盒
1,桶装稀释氰化钠
1,袋装稀释五氧化二磷
1,桶装稀氢氧化钠
1,稀释车用汽油罐
1,清洗用稀硝酸瓶
1,阅兵用火箭箱
1,桶装稀氢氧化钾
1,稀盐酸袋
1,桶装稀释纯甲醇
1,稀释杀虫喷雾罐
1,稀释油漆稀释剂的丙酮瓶
1,电影节火箭箱
1,桶装稀工业氢氟酸
1,稀释双氧水袋
1,桶装稀释冰醋酸
1,稀释壁画漆喷罐
1,稀释清洗用稀盐酸瓶
1,淡节大威力鞭炮盒
1,稀释二氧化氯桶装
1,稀硫酸袋
1,稀释工业丙烷气罐
1,稀释后的家具喷漆罐
1,炉具用稀释液化天然气瓶
1,稀铅酸电池盒
1,桶装稀氯酸钾
1,袋装稀释高锰酸钾
1,稀释过氧化氢罐
1,稀释硅胶防水喷雾罐
1,稀释清洗用稀盐酸瓶
1,稀释音乐节火箭包厢
1,桶装稀释氰化钠
1,袋装稀释五氧化二磷
1,桶装稀氢氧化钠
1,稀释车用汽油罐
1,稀释清洗用稀硝酸瓶
1,稀释阅兵火箭箱
1,桶装稀氢氧化钾
1,稀盐酸袋
1,桶装稀释纯甲醇
1,稀释杀虫喷雾罐
1,稀释油漆稀释剂的丙酮瓶
1,稀释电影节火箭礼盒
1,桶装稀工业氢氟酸
1,稀释双氧水袋
1,桶装稀释冰醋酸
1,稀释壁画漆喷罐
1,稀释清洗用稀盐酸瓶
1,淡节大威力鞭炮盒
1,稀释二氧化氯桶装
1,稀硫酸袋
1,稀释工业丙烷气罐
1,稀释后的家具喷漆罐
1,炉具用稀释液化天然气瓶
1,稀铅酸电池盒
1,桶装稀氯酸钾
1,袋装稀释高锰酸钾
1,稀释过氧化氢罐
1,稀释硅胶防水喷雾罐
1,稀释清洗用稀盐酸瓶
1,稀释音乐节火箭包厢
1,桶装稀释氰化钠
1,袋装稀释五氧化二磷
1,桶装稀氢氧化钠
1,稀释车用汽油罐
1,稀释清洗用稀硝酸瓶
1,稀释阅兵火箭箱
1,桶装稀氢氧化钾
1,稀盐酸袋
1,桶装稀释纯甲醇
1,稀释杀虫喷雾罐
1,稀释油漆稀释剂的丙酮瓶
1,稀释电影节火箭礼盒
1,桶装稀工业氢氟酸
1,稀释双氧水袋
1,桶装稀释冰醋酸
1,稀释壁画漆喷罐
1,稀释清洗用稀盐酸瓶
1,淡节大威力鞭炮盒
1,稀释二氧化氯桶装
1,稀硫酸袋
1,稀释工业丙烷气罐
1,稀释后的家具喷漆罐
1,炉具用稀释液化天然气瓶
1,稀铅酸电池盒
1,桶装稀氯酸钾
1,袋装稀释高锰酸钾
1,稀释过氧化氢罐
1,稀释硅胶防水喷雾罐
1,稀释清洗用稀盐酸瓶
1,.22口径弹药筒
0,童装
1,易燃气雾罐
0,家居装饰用品
1,可充电锂电池
0,教育书籍
1,含有丁烷气体的喷漆
0,塑料玩具
1,野营用丙烷气瓶
0,园林工具
1,烟花盒
0,保暖衣物
1,盐酸瓶
0,罐头食品
1,焊接用压缩气瓶
0,运动队
1,化学废物桶
0,清洁用品
1,烟花包
0,观赏植物
1,医用氧气瓶
0,梦幻珠宝
1,易燃打火机液体
0,炊具
1,信号弹盒
0,运动服
1,灯用煤油容器
0,文具店用品
1,硫酸瓶
0,电子产品
1,油性涂料罐
0,DIY工具
1,割草机汽油瓶
0,个人卫生用品
1,脱漆剂罐
0,盆栽植物
1,硝酸容器
0,办公用品
1,爆炸肥料袋
0,内衣
1,油漆清洗溶剂瓶
0,时尚配饰
1,火柴包
0,毛绒玩具
1,氢氟酸桶
0,食用植物
1,杀虫剂喷雾罐
0,圣诞装饰物品
1,火炬燃料罐
0,食谱
1,锂电池盒
0,露营用品
1,硫酸桶
0,木工工具
1,造型胶容器
0,药用植物
1,盐酸瓶
0,婴儿衣服
1,炉灶用丁烷气瓶
0,宠物配件
1,喷漆罐
0,植物内部
1,可充电铅酸电池
0,护发产品
1,烧烤用丙烷钢瓶
0,护肤品
1,磷酸容器
0,设计师服装
1,硝酸铵袋
0,家电
1,火药鞭炮盒
0,园林工具
1,二氯甲烷桶
0,家居装饰用品
1,液化天然气瓶
0,益智玩具
1,沥干清洁剂瓶
0,正装
1,乙炔气瓶焊接用
0,床单
1,氰化钠袋
0,工艺用品
1,亚麻籽油桶
0,运动服
1,杀虫剂喷雾罐
0,洗漱用品
1,氢氟酸瓶
0,发饰
1,醋酸容器
0,内衣
1,硫酸桶
0,家居装修
1,液氯容器
0,观赏植物
1,硝酸袋
0,毛绒玩具
1,氨瓶清洗
0,电子产品
1,油漆喷罐
0,炊具
1,易拉罐木质胶粘剂
0,文具店用品
1,派对火箭盒
0,观赏植物
1,氢氧化钠桶
0,厨房用品
1,双氧水袋
0,园林工具
1,柠檬酸桶
0,休闲服
1,机油罐
0,清洁用品
1,冷却液瓶
0,观赏植物
1,大威力鞭炮箱
0,家居家具
1,甲醇桶
0,塑料玩具
1,氟化氢袋
0,冬衣
1,桶装稀硫酸
0,圣诞装饰物品
1,杀虫喷雾罐
0,床单
1,盐酸安非他明瓶
0,办公用品
1,油漆稀释剂瓶
0,毛绒玩具
1,大口径烟火火箭弹箱
0,植物内部
1,二氧化氯桶
0,家电
1,硫酸袋
0,设计师服装
1,丙烷气罐
0,护肤品
1,喷漆罐
0,药用植物
1,压缩天然气瓶
0,休闲服装
1,铅酸电池盒
0,露营用品
1,氯酸钾桶
0,清洁用品
1,高锰酸钾袋
0,DIY工具
1,过氧化氢罐
0,时尚配饰
1,罐头
1,炉具用稀释液化天然气瓶
0,清洁用品
1,稀铅酸电池盒
0,露营用品
1,桶装稀氯酸钾
0,家电
1,袋装稀释高锰酸钾
0,炊具
1,稀释过氧化氢罐
0,正装
1,稀释硅胶防水喷雾罐
0,办公用品
1,稀释清洗用稀盐酸瓶
0,冬衣
1,稀释音乐节火箭包厢
0,观赏植物
1,桶装稀释氰化钠
0,园林工具
1,袋装稀释五氧化二磷
0,毛绒玩具
1,桶装稀氢氧化钠
0,设计师服装
1,稀释车用汽油罐
0,婴儿衣服
1,稀释清洗用稀硝酸瓶
0,运动服
1,稀释阅兵火箭箱
0,观赏植物
1,桶装稀氢氧化钾
0,家电
1,稀盐酸袋
0,护肤品
1,桶装稀释纯甲醇
0,DIY工具
1,稀释杀虫喷雾罐
0,文具店用品
1,稀释油漆稀释剂的丙酮瓶
0,家居装饰用品
1,稀释电影节火箭礼盒
0,观赏植物
1,桶装稀工业氢氟酸
0,塑料玩具
1,稀释双氧水袋
0,发饰
1,桶装稀释冰醋酸
0,床单
1,稀释壁画漆喷罐
0,植物内部
1,稀释清洗用稀盐酸瓶
0,休闲服
1,淡节大威力鞭炮盒
0,洗漱用品
1,稀释二氧化氯桶装
0,婴儿衣服
1,稀硫酸袋
0,毛绒玩具
1,稀释工业丙烷气罐
0,床单
1,稀释后的家具喷漆罐
0,DIY工具
1,炉具用稀释液化天然气瓶
0,清洁用品
1,稀铅酸电池盒
0,露营用品
1,桶装稀氯酸钾
0,家电
1,袋装稀释高锰酸钾
0,炊具
1,稀释过氧化氢罐
0,服装套装
0,衣服
0,服装套装
0,书籍
0,套装书
0,书籍套装
0,厨房
0,套
0,设置
1,枪支
1,爱
1,炸药
1,武器
1,炸药
1,梯恩梯
1,枪支
1,弹药
1,炸药
1,梯恩梯
1,刀具
1,刀
1,刀
1,刀具
1,氢化物
1,氢化物
1,弹药
1,弹药
1,弹药
1,药品
1,违禁药物
1,马里胡纳
1,大麻
1,可卡因
1,可卡因
1,大麻
1,可卡因
1,可卡因
